Word,Count
アルト,468
ミア,438
ローガン,109
スラム,88
ニーナ,42
パモナナ,38
ベッド,26
コア,12
スープ,11
バルバ,11
ローブ,10
ディア,10
ゴミ,9
ガラス,9
マスターキー,9
ペン,7
ポケット,7
シワ,6
アイツ,6
カス,6
ドア,5
ネズミ,5
バカ,5
ダメ,5
ピエロ,4
チキンステーキ,4
ホオ,4
ポツリ,4
カーテン,4
ハンバーグ,4
ピタリ,4
サクッ,4
カン,4
ロス,3
フリ,3
ポンコツ,3
ルーペ,3
マツ,3
ビクッ,3
シミ,3
コート,3
ジーナ,3
ヤツ,3
マシ,3
ボロボロ,3
トーン,3
タグ,3
カツラ,3
スギ,3
オーブン,3
ドンッ,3
ブーツ,3
パニック,3
ソーセージ,2
ポツ,2
チッ,2
サイズ,2
ドブネズミ,2
エヴァンス,2
ライアス,2
スピード,2
ジジイ,2
ブリオー,2
ギリッ,2
ヤカン,2
ショック,2
ビラ,2
カチッ,2
ジジジジ,2
センセイ,2
カチリ,2
パキッ,2
キー,2
ガキ,2
チンピラ,2
エリート,2
パシッ,2
パズル,2
ツン,2
ミルフィーユ,2
フード,2
ピース,2
イチョウ,2
ヤニ,2
テーブル,2
タダ,2
エゴイスト,2
カビ,2
アーチ,2
コクタン,2
クスノキ,2
パチン,2
ピクリ,2
ドブ,2
リズム,2
フォーク,2
アホ,2
ジジジジジ,1
ムッ,1
ターゲット,1
ポカポカ,1
ピンホール,1
ズズズズ,1
ボキッ,1
ポロリ,1
ナイフ,1
ギシッ,1
システム,1
ピンハネ,1
キャッチ,1
ノーマ,1
ケガ,1
カタ,1
ァッ,1
パチパチ,1
プレッシャー,1
シンプル,1
イメージ,1
バチバチ,1
ガンガン,1
ショート,1
ドクン,1
バリンッ,1
ホイホイ,1
グッ,1
ストーブ,1
メインストリート,1
メモ,1
インク,1
クソ,1
シナ,1
メインホール,1
ベンチ,1
ポロポロ,1
チリ,1
バケツ,1
エリア,1
パァンッ,1
ニーナッ,1
ピンポイント,1
トラップ,1
ランプ,1
ツケ,1
ズシリ,1
トタン,1
バタバタ,1
ハーブ,1
キリ,1
バサリ,1
ノック,1
ズレ,1
スプーン,1
ダイブ,1
フラフラ,1
ストレス,1
コンコン,1
コンッ,1
ドサリ,1
クズ,1
マジマジ,1
ハァ,1
ドスッ,1
ボロ,1
ギリギリ,1
シャツ,1
カチャリ,1
エール,1
セリフ,1
パスワード,1
キシキシ,1
ジャケット,1
ザマ,1
パキリ,1
レンガ,1
バラバラ,1
カチン,1
ブチッ,1
ホコリ,1
ヒノキ,1
トレンチャーパン,1
チョーク,1
ノブ,1
テメェ,1
ギッギッ,1
ドロドロ,1
ゴトゴト,1
グラリ,1
ページ,1
ソース,1
バツ,1
ズラ,1
バランス,1
マヌケ,1
ロックオン,1
ッッ,1
スタミナ,1
パサ,1
ダイニングテーブル,1
トラウマ,1
ケース,1
